{"items": {"len": {"avg": 759.1, "dev": 973.2900000000002}}, "A": {"result": {"avg": 127.6, "dev": 6.24}, "duration": {"avg": 8.792877197265625e-05, "dev": 3.424565875320695e-10}}, "A2": {"result": {"avg": 100.8, "dev": 0.16}, "duration": {"avg": 0.0038021564483642577, "dev": 1.7375027937305272e-07}}, "bins": 100}
{"items": {"len": {"avg": 1496.0, "dev": 413.0}}, "A": {"result": {"avg": 253.1, "dev": 5.889999999999999}, "duration": {"avg": 0.00018157958984375, "dev": 1.6835565475048499e-09}}, "A2": {"result": {"avg": 200.9, "dev": 0.29000000000000004}, "duration": {"avg": 0.013710737228393555, "dev": 5.642081191581382e-07}}, "bins": 200}
{"items": {"len": {"avg": 2274.7, "dev": 2692.61}}, "A": {"result": {"avg": 379.6, "dev": 9.64}, "duration": {"avg": 0.00026195049285888673, "dev": 5.275103944768488e-09}}, "A2": {"result": {"avg": 300.7, "dev": 0.41}, "duration": {"avg": 0.030487656593322754, "dev": 6.374927039587419e-07}}, "bins": 300}
{"items": {"len": {"avg": 3033.8, "dev": 333.76}}, "A": {"result": {"avg": 503.3, "dev": 15.609999999999996}, "duration": {"avg": 0.00031986236572265623, "dev": 2.5976441975217307e-09}}, "A2": {"result": {"avg": 400.5, "dev": 0.25}, "duration": {"avg": 0.05522232055664063, "dev": 6.008168245443812e-06}}, "bins": 400}
{"items": {"len": {"avg": 3768.4, "dev": 3656.2400000000002}}, "A": {"result": {"avg": 633.7, "dev": 37.61}, "duration": {"avg": 0.0004116535186767578, "dev": 1.6172657524293753e-09}}, "A2": {"result": {"avg": 500.2, "dev": 0.15999999999999995}, "duration": {"avg": 0.08442628383636475, "dev": 1.6570033577067988e-05}}, "bins": 500}
{"items": {"len": {"avg": 4548.1, "dev": 4174.49}}, "A": {"result": {"avg": 758.9, "dev": 19.29}, "duration": {"avg": 0.0005036115646362305, "dev": 5.406287186815462e-09}}, "A2": {"result": {"avg": 600.5, "dev": 0.25}, "duration": {"avg": 0.12376201152801514, "dev": 5.272345449895966e-05}}, "bins": 600}
{"items": {"len": {"avg": 5287.7, "dev": 3026.21}}, "A": {"result": {"avg": 885.4, "dev": 26.04}, "duration": {"avg": 0.0006452322006225586, "dev": 1.3609258644464718e-08}}, "A2": {"result": {"avg": 700.1, "dev": 0.09000000000000001}, "duration": {"avg": 0.16328604221343995, "dev": 2.816831056463798e-05}}, "bins": 700}
{"items": {"len": {"avg": 6012.6, "dev": 3518.2400000000002}}, "A": {"result": {"avg": 1013.8, "dev": 19.360000000000003}, "duration": {"avg": 0.0006898164749145508, "dev": 8.693638164913864e-10}}, "A2": {"result": {"avg": 800.5, "dev": 0.45}, "duration": {"avg": 0.21463587284088134, "dev": 3.0122833987320515e-05}}, "bins": 800}
{"items": {"len": {"avg": 6781.3, "dev": 1913.4099999999999}}, "A": {"result": {"avg": 1144.1, "dev": 50.89}, "duration": {"avg": 0.0008185148239135742, "dev": 7.189310622379709e-09}}, "A2": {"result": {"avg": 900.0, "dev": 0.0}, "duration": {"avg": 0.27473106384277346, "dev": 0.00020042341482394478}}, "bins": 900}
{"items": {"len": {"avg": 7575.5, "dev": 1462.05}}, "A": {"result": {"avg": 1264.5, "dev": 24.25}, "duration": {"avg": 0.000988173484802246, "dev": 3.8543112736988404e-08}}, "A2": {"result": {"avg": 1000.0, "dev": 0.0}, "duration": {"avg": 0.3477590322494507, "dev": 6.539438203901681e-05}}, "bins": 1000}
