{"items": {"len": {"avg": 74.0, "dev": 49.4}}, "A": {"result": {"avg": 12.7, "dev": 0.21000000000000002}, "duration": {"avg": 1.0895729064941407e-05, "dev": 3.308343821117887e-11}}, "A2": {"result": {"avg": 11.1, "dev": 0.08999999999999997}, "duration": {"avg": 8.101463317871094e-05, "dev": 1.1026236279576552e-09}}, "bins": 10}
{"items": {"len": {"avg": 153.7, "dev": 100.01000000000002}}, "A": {"result": {"avg": 25.6, "dev": 1.2399999999999998}, "duration": {"avg": 1.895427703857422e-05, "dev": 8.631673154013697e-12}}, "A2": {"result": {"avg": 21.0, "dev": 0.0}, "duration": {"avg": 0.00023941993713378907, "dev": 3.676152573461877e-09}}, "bins": 20}
{"items": {"len": {"avg": 226.7, "dev": 100.21000000000001}}, "A": {"result": {"avg": 38.9, "dev": 2.0900000000000007}, "duration": {"avg": 2.4366378784179688e-05, "dev": 4.1472958400845524e-12}}, "A2": {"result": {"avg": 31.1, "dev": 0.08999999999999994}, "duration": {"avg": 0.00039734840393066404, "dev": 1.6822718862385957e-09}}, "bins": 30}
{"items": {"len": {"avg": 302.2, "dev": 132.76000000000002}}, "A": {"result": {"avg": 50.3, "dev": 2.01}, "duration": {"avg": 3.726482391357422e-05, "dev": 7.040682703518542e-11}}, "A2": {"result": {"avg": 41.0, "dev": 0.0}, "duration": {"avg": 0.0006647586822509765, "dev": 5.548529316001804e-09}}, "bins": 40}
{"items": {"len": {"avg": 378.1, "dev": 127.68999999999998}}, "A": {"result": {"avg": 64.2, "dev": 1.1599999999999997}, "duration": {"avg": 5.0520896911621095e-05, "dev": 4.087775096195401e-10}}, "A2": {"result": {"avg": 51.1, "dev": 0.2899999999999999}, "duration": {"avg": 0.0010193586349487305, "dev": 8.642385296298017e-09}}, "bins": 50}
{"items": {"len": {"avg": 460.8, "dev": 326.15999999999997}}, "A": {"result": {"avg": 76.0, "dev": 1.2}, "duration": {"avg": 4.954338073730469e-05, "dev": 1.0604708222672343e-11}}, "A2": {"result": {"avg": 61.0, "dev": 0.0}, "duration": {"avg": 0.001420736312866211, "dev": 1.0273743100697175e-08}}, "bins": 60}
{"items": {"len": {"avg": 522.5, "dev": 340.45}}, "A": {"result": {"avg": 89.5, "dev": 2.85}, "duration": {"avg": 6.282329559326172e-05, "dev": 2.3951827188284367e-10}}, "A2": {"result": {"avg": 70.8, "dev": 0.16}, "duration": {"avg": 0.0018195152282714845, "dev": 2.0878260329482145e-08}}, "bins": 70}
{"items": {"len": {"avg": 600.1, "dev": 243.09}}, "A": {"result": {"avg": 101.4, "dev": 3.2399999999999993}, "duration": {"avg": 6.985664367675781e-05, "dev": 1.0182930054725148e-10}}, "A2": {"result": {"avg": 80.8, "dev": 0.16}, "duration": {"avg": 0.0024686336517333986, "dev": 1.217315207213687e-07}}, "bins": 80}
{"items": {"len": {"avg": 682.1, "dev": 272.48999999999995}}, "A": {"result": {"avg": 114.4, "dev": 3.6399999999999992}, "duration": {"avg": 7.95602798461914e-05, "dev": 4.790996399606229e-10}}, "A2": {"result": {"avg": 90.8, "dev": 0.36}, "duration": {"avg": 0.003077411651611328, "dev": 1.243129213435168e-07}}, "bins": 90}
{"items": {"len": {"avg": 755.8, "dev": 373.15999999999997}}, "A": {"result": {"avg": 127.1, "dev": 8.890000000000004}, "duration": {"avg": 9.353160858154297e-05, "dev": 5.52063852410356e-10}}, "A2": {"result": {"avg": 101.0, "dev": 0.0}, "duration": {"avg": 0.0035433053970336916, "dev": 2.1641733951582866e-08}}, "bins": 100}
