{"items": {"len": {"avg": 76.4, "dev": 72.83999999999999}}, "A": {"result": {"avg": 13.15, "dev": 0.3274999999999999}, "duration": {"avg": 1.468658447265625e-05, "dev": 9.954078450391538e-11}}, "A2": {"result": {"avg": 11.05, "dev": 0.0475}, "duration": {"avg": 9.373426437377929e-05, "dev": 2.409054076224493e-09}}, "bins": 10}
{"items": {"len": {"avg": 150.8, "dev": 94.26}}, "A": {"result": {"avg": 25.5, "dev": 0.85}, "duration": {"avg": 2.1970272064208986e-05, "dev": 1.5987367874004125e-10}}, "A2": {"result": {"avg": 21.05, "dev": 0.047499999999999994}, "duration": {"avg": 0.00021233558654785157, "dev": 3.1923855203785934e-09}}, "bins": 20}
{"items": {"len": {"avg": 226.8, "dev": 139.95999999999998}}, "A": {"result": {"avg": 38.6, "dev": 1.3400000000000005}, "duration": {"avg": 2.4890899658203126e-05, "dev": 9.62586454988923e-12}}, "A2": {"result": {"avg": 31.0, "dev": 0.0}, "duration": {"avg": 0.0004249691963195801, "dev": 4.118939358477291e-09}}, "bins": 30}
{"items": {"len": {"avg": 303.7, "dev": 157.31}}, "A": {"result": {"avg": 51.25, "dev": 2.2875}, "duration": {"avg": 3.8611888885498044e-05, "dev": 2.597202808374277e-10}}, "A2": {"result": {"avg": 41.1, "dev": 0.09}, "duration": {"avg": 0.0006727218627929687, "dev": 1.3949291997050749e-08}}, "bins": 40}
{"items": {"len": {"avg": 384.8, "dev": 258.36}}, "A": {"result": {"avg": 63.45, "dev": 3.047499999999999}, "duration": {"avg": 4.460811614990234e-05, "dev": 1.8481443930795644e-10}}, "A2": {"result": {"avg": 50.95, "dev": 0.14749999999999983}, "duration": {"avg": 0.0010214805603027343, "dev": 1.372583483316703e-08}}, "bins": 50}
{"items": {"len": {"avg": 455.2, "dev": 418.56000000000006}}, "A": {"result": {"avg": 75.4, "dev": 2.5399999999999996}, "duration": {"avg": 4.9614906311035155e-05, "dev": 7.379924227279845e-11}}, "A2": {"result": {"avg": 61.0, "dev": 0.1}, "duration": {"avg": 0.0014218330383300782, "dev": 3.526509658513532e-08}}, "bins": 60}
{"items": {"len": {"avg": 528.7, "dev": 297.6099999999999}}, "A": {"result": {"avg": 89.2, "dev": 4.560000000000001}, "duration": {"avg": 5.906820297241211e-05, "dev": 1.7057502077477693e-10}}, "A2": {"result": {"avg": 70.9, "dev": 0.29000000000000004}, "duration": {"avg": 0.0018501877784729004, "dev": 9.041851782853882e-08}}, "bins": 70}
{"items": {"len": {"avg": 606.35, "dev": 343.9275000000001}}, "A": {"result": {"avg": 101.45, "dev": 2.6474999999999995}, "duration": {"avg": 6.49571418762207e-05, "dev": 3.087436084570072e-11}}, "A2": {"result": {"avg": 80.9, "dev": 0.19000000000000003}, "duration": {"avg": 0.00246577262878418, "dev": 8.215202228711859e-08}}, "bins": 80}
{"items": {"len": {"avg": 673.5, "dev": 587.25}}, "A": {"result": {"avg": 114.25, "dev": 2.5875}, "duration": {"avg": 7.39455223083496e-05, "dev": 1.7958129205908335e-10}}, "A2": {"result": {"avg": 90.85, "dev": 0.22750000000000004}, "duration": {"avg": 0.003014206886291504, "dev": 7.316584458294528e-08}}, "bins": 90}
{"items": {"len": {"avg": 746.6, "dev": 637.5400000000001}}, "A": {"result": {"avg": 127.45, "dev": 3.7474999999999987}, "duration": {"avg": 8.218288421630859e-05, "dev": 5.290024773785263e-10}}, "A2": {"result": {"avg": 100.95, "dev": 0.3474999999999999}, "duration": {"avg": 0.0036787867546081545, "dev": 1.0549473742571536e-07}}, "bins": 100}
