{"items": {"len": {"avg": 78.5, "dev": 35.65}}, "A": {"result": {"avg": 12.7, "dev": 0.20999999999999996}, "duration": {"avg": 1.5807151794433593e-05, "dev": 1.1644999631243994e-10}}, "A2": {"result": {"avg": 11.0, "dev": 0.0}, "duration": {"avg": 8.692741394042969e-05, "dev": 7.835433279979043e-10}}, "bins": 10}
{"items": {"len": {"avg": 152.1, "dev": 85.69}}, "A": {"result": {"avg": 25.9, "dev": 1.0900000000000003}, "duration": {"avg": 1.7428398132324217e-05, "dev": 3.813624971371609e-12}}, "A2": {"result": {"avg": 21.0, "dev": 0.0}, "duration": {"avg": 0.0002629518508911133, "dev": 6.309522291303437e-09}}, "bins": 20}
{"items": {"len": {"avg": 229.1, "dev": 66.29}}, "A": {"result": {"avg": 38.7, "dev": 1.4099999999999997}, "duration": {"avg": 2.4509429931640624e-05, "dev": 4.05634636990726e-12}}, "A2": {"result": {"avg": 31.0, "dev": 0.0}, "duration": {"avg": 0.00042307376861572266, "dev": 1.162587182079733e-09}}, "bins": 30}
{"items": {"len": {"avg": 311.8, "dev": 536.76}}, "A": {"result": {"avg": 50.7, "dev": 3.21}, "duration": {"avg": 3.6716461181640625e-05, "dev": 9.37689037527889e-11}}, "A2": {"result": {"avg": 41.1, "dev": 0.08999999999999994}, "duration": {"avg": 0.0007253646850585938, "dev": 2.3378108835458987e-08}}, "bins": 40}
{"items": {"len": {"avg": 367.3, "dev": 412.40999999999997}}, "A": {"result": {"avg": 64.6, "dev": 1.2399999999999998}, "duration": {"avg": 4.341602325439453e-05, "dev": 1.1605663985392312e-10}}, "A2": {"result": {"avg": 51.0, "dev": 0.0}, "duration": {"avg": 0.0009974002838134765, "dev": 1.5251125660142862e-08}}, "bins": 50}
{"items": {"len": {"avg": 451.5, "dev": 456.25}}, "A": {"result": {"avg": 75.7, "dev": 3.01}, "duration": {"avg": 5.474090576171875e-05, "dev": 7.569497029180638e-11}}, "A2": {"result": {"avg": 61.1, "dev": 0.08999999999999998}, "duration": {"avg": 0.001418924331665039, "dev": 1.228520659424248e-08}}, "bins": 60}
{"items": {"len": {"avg": 528.9, "dev": 287.09}}, "A": {"result": {"avg": 89.3, "dev": 2.01}, "duration": {"avg": 6.742477416992188e-05, "dev": 2.563388079579454e-10}}, "A2": {"result": {"avg": 71.0, "dev": 0.0}, "duration": {"avg": 0.001947641372680664, "dev": 4.9015670811058956e-08}}, "bins": 70}
{"items": {"len": {"avg": 606.2, "dev": 208.15999999999994}}, "A": {"result": {"avg": 101.9, "dev": 2.6899999999999995}, "duration": {"avg": 9.083747863769531e-05, "dev": 1.2542159311124124e-09}}, "A2": {"result": {"avg": 80.7, "dev": 0.20999999999999996}, "duration": {"avg": 0.002830791473388672, "dev": 4.5953266635478935e-07}}, "bins": 80}
{"items": {"len": {"avg": 673.1, "dev": 519.2900000000001}}, "A": {"result": {"avg": 114.3, "dev": 3.21}, "duration": {"avg": 7.5531005859375e-05, "dev": 1.597618393134326e-10}}, "A2": {"result": {"avg": 90.8, "dev": 0.16}, "duration": {"avg": 0.003008532524108887, "dev": 8.844874685109972e-08}}, "bins": 90}
{"items": {"len": {"avg": 748.7, "dev": 447.41}}, "A": {"result": {"avg": 126.7, "dev": 4.01}, "duration": {"avg": 8.475780487060547e-05, "dev": 3.1102729280974015e-10}}, "A2": {"result": {"avg": 100.9, "dev": 0.09000000000000001}, "duration": {"avg": 0.0038886070251464844, "dev": 4.952332915308943e-07}}, "bins": 100}
