{"items": {"len": {"avg": 756.2, "dev": 383.55999999999995}}, "A": {"result": {"avg": 127.2, "dev": 4.759999999999999}, "duration": {"avg": 9.546279907226562e-05, "dev": 2.7052010409533977e-10}}, "A2": {"result": {"avg": 100.9, "dev": 0.09000000000000004}, "duration": {"avg": 0.003874850273132324, "dev": 1.2349996779903448e-07}}, "bins": 100}
{"items": {"len": {"avg": 1511.6, "dev": 763.8399999999999}}, "A": {"result": {"avg": 255.5, "dev": 2.25}, "duration": {"avg": 0.00018362998962402345, "dev": 1.6973876881820614e-09}}, "A2": {"result": {"avg": 200.8, "dev": 0.15999999999999998}, "duration": {"avg": 0.014365005493164062, "dev": 1.192412569253065e-06}}, "bins": 200}
{"items": {"len": {"avg": 2254.5, "dev": 2002.45}}, "A": {"result": {"avg": 381.4, "dev": 16.839999999999996}, "duration": {"avg": 0.0002632617950439453, "dev": 4.327418992033928e-09}}, "A2": {"result": {"avg": 300.6, "dev": 0.44000000000000006}, "duration": {"avg": 0.03191976547241211, "dev": 1.4536645130647227e-06}}, "bins": 300}
{"items": {"len": {"avg": 3013.0, "dev": 1949.8}}, "A": {"result": {"avg": 505.9, "dev": 6.290000000000001}, "duration": {"avg": 0.0003578424453735352, "dev": 6.5663863324516576e-09}}, "A2": {"result": {"avg": 400.6, "dev": 0.24000000000000007}, "duration": {"avg": 0.05881497859954834, "dev": 8.024373487955928e-06}}, "bins": 400}
{"items": {"len": {"avg": 3756.9, "dev": 2942.8900000000003}}, "A": {"result": {"avg": 632.8, "dev": 27.360000000000003}, "duration": {"avg": 0.0004057168960571289, "dev": 5.939574521107716e-10}}, "A2": {"result": {"avg": 500.5, "dev": 0.45}, "duration": {"avg": 0.09037208557128906, "dev": 8.997964005175164e-06}}, "bins": 500}
{"items": {"len": {"avg": 4518.2, "dev": 5329.76}}, "A": {"result": {"avg": 756.5, "dev": 15.65}, "duration": {"avg": 0.0005355596542358399, "dev": 1.601840779130725e-08}}, "A2": {"result": {"avg": 600.3, "dev": 0.21000000000000002}, "duration": {"avg": 0.13071718215942382, "dev": 2.412480988823518e-05}}, "bins": 600}
{"items": {"len": {"avg": 5272.6, "dev": 3736.2400000000002}}, "A": {"result": {"avg": 882.2, "dev": 15.760000000000002}, "duration": {"avg": 0.0008599281311035157, "dev": 1.2900160072604192e-07}}, "A2": {"result": {"avg": 700.2, "dev": 0.16000000000000003}, "duration": {"avg": 0.1822533369064331, "dev": 0.00023630600081162357}}, "bins": 700}
{"items": {"len": {"avg": 6008.9, "dev": 8026.69}}, "A": {"result": {"avg": 1014.7, "dev": 46.61}, "duration": {"avg": 0.0008351802825927734, "dev": 9.24976575333858e-09}}, "A2": {"result": {"avg": 800.3, "dev": 0.41}, "duration": {"avg": 0.22578918933868408, "dev": 3.309563008144778e-05}}, "bins": 800}
{"items": {"len": {"avg": 6811.4, "dev": 2129.84}}, "A": {"result": {"avg": 1142.4, "dev": 13.839999999999998}, "duration": {"avg": 0.00091400146484375, "dev": 3.162571374559775e-08}}, "A2": {"result": {"avg": 900.1, "dev": 0.09000000000000001}, "duration": {"avg": 0.29749112129211425, "dev": 6.84122616780769e-05}}, "bins": 900}
{"items": {"len": {"avg": 7539.5, "dev": 3638.05}}, "A": {"result": {"avg": 1264.2, "dev": 28.76}, "duration": {"avg": 0.0009999275207519531, "dev": 4.04320871894015e-08}}, "A2": {"result": {"avg": 1000.0, "dev": 0.0}, "duration": {"avg": 0.3556626796722412, "dev": 8.861889963554859e-05}}, "bins": 1000}
